start_point,get_on,get_off,end_point,recommend
일요일에도 여는 한의원이라 치료를 받고 집으로 돌아감,굳이 건너지 않고 버스를 탈 수 있는게 너무 좋았다마침 버스도 근처에 있어5분도 되지 않아 바로 도착하였다 원래는 택시를 이용하거나 배차 간격이 긴 버스를 이용해야 하는데 정말 편리했다 그런데 탑승을 하니 2분이 더 탑승하셔서 처음에 올때랑은 다르게 돌아갔다 원래 버스 노선이랑 거의 같게 간 것 같다 그리고 저번에도 느꼈지만 버스보다 승차감이 안 좋다  너무 멀미가 난다,마찬가지로 횡단보도를 건너지 않고 집에 바로 갈 수 있어 너무 좋았다 사소한 거지만 내릴때 발판이 나오는 게 정말 안전하고 대접받는 다는 느낌이 들었다,버스를 탈때보다는 편하게 길도 안 건너고 도착했다,돌아가는 버스를 이용하는 사람들
일을 마치고 필라테스 상담을 하고 집에 가는데 버스간격이 길다 그래서 아이모드를 이용해 봤는데 배차간격이 15분이라고 한다 버스를 탈까 고민했다,완정역에서 아이모드를 탑승했다 나밖에 탑승하지 않았고 편하게 집으로 왔다 그런데 평일 저녁 10시 이후에도 이렇게 배차가 오래걸린다면 앞으로 본격적으로 많은 사람들이 이용하면 얼마나 배차간격이 길어질까 생각이 들었다,차가 진짜 멀미가 심하다 이 점때문에 버스나 택시를 이용할 것  같다는 생각을 했다,가까운 직선거리의 버스 노선이라면 버스를 이용하는게 낫겠다 하는 생각이 들었다,돌아가는 버스를 이용하는 사람들
검단의 IMOD를 이용하기 전 IMOD가 먼저 도입됐고 관광하기 좋은 송도를 방문하기로 했다 전철을 타고 가다 신연수역에서 하차해 센트럴파크역까지 IMOD를 탑승하기로 했다 ITRIP어플로 배차를 시도했는데 빠르게 배차가 될 것이라는 예상과 다르게 시도한지 20분이 지나도 배차가 되지 않아서 결국 버스로 환승해 센트럴파크역으로 이동했다,센트럴파크에서 관광을 마친 후 테크노파크역에 있는 송도 현대아울렛에서 쇼핑을 하기 위해 ITRIP 어플을 이용해 IMOD를 호출했다 IMOD를 탑승하기 위해 호출했으나 이번에도 배차가 30분 정도 되지 않다가 마침내 운좋게 배차가 됐고 약 20분 후에 도착한다고 바로 알림이 떴으며 예상 시간과 비슷한 시간에 탑승하게 됐다 ,탑승은 일반 버스카드를 태그하듯 QR코드를 기기에 태그하기만 하면 돼서 간편했다 IMOD 내부도 굉장히 쾌적했다 인형이 안전벨트를 매고 있는 좌석이 있어 친밀감까지 들었다 택시로 이동했으면 비용이 2배로 들었을텐데  3600원에 이동할 수 있었다는 점도 만족스러웠다 IMOD 하차지점부터 최종 목적지까지 도보로 5분 이내였기 때문에  걸어서 이동했다 캠퍼스타운역 방면 정류장으로 도착지를 선택해야 더 가까운데 실수로 건너편에 있는 정류장을 눌러서 지하통로로 건너서 현대아울렛으로 이동했다,우선 IMOD 버스로 시민들이 보다 저렴한 가격에 쾌적한 환경의 이동수단을 제공받을 수 있다는 점은 매우 좋다 저렴하고 쾌적한 콜택시’라는 인상을 받았다 그러나 검단 계양 신도시보다 먼저 도입된 송도부터도 8대만 운영되고 있는데 1대당 38개 정류장을 맡고 있는 셈이라서 배차가 매우 어렵기 때문에 시민들이 필요할 때 이용할 수 없다는 점이 가장 치명적인 단점인 것 같다 이런 상황이 반복되면 결국 인천 시민은 IMOD를 이동수단으로서 우선적으로 고려하지 않게 될 것 같다 또 배차가 되지 않으면 점검중’이라는 문구가 굉장히 많이 뜨는데 실제로 점검중이라면 점검 시간 조정이 필요하고 일시적으로 뜨는 문구라면 정확 간결한 배차 불가 이유 안내가 나갔으면 좋겠다 ,비오는 날 등 기상이 안 좋은 날이나 짐이 많을 때 혹은 거동이 불편한 분이 이동할 일이 생기면 택시 대신 IMOD를 이용할 시  전철을 이용하는 것보다는 편리하고 택시보다는 저렴하게 이용할 수 있어 좋을 것 같다
"여자친구와 함께 송도 센트럴파크에 놀러갔다 오랜 시간동안 걸으니 피로가 많이 쌓여서
근처 카페에서 쉬다가 가기로 했다 충분히 쉰 후에 집에 가려고 교통편을 알아보니
버스 정류장이나 지하철역은 걸어가기에 거리가 약간 멀었고 택시를 타자니 비싼 가격이 우려되었다
그래서 가까운 거리에 정류장이 많은 IMOD를 이용해보기로 하였다 리뷰를 보니 배차시간이 너무  길어
이용이 불편하다는 평이 많았지만 편하고 부담되지 않는 가격으로 이동할 수 있으니 한번 이용해보기로 했다
배차가 바로 잡히기를 간절히 바랬던 것 같다","카페에서 IMOD호출을 눌렀는데 배차가 되지 않아 20분 정도 기다렸던 것 같다 처음에는 IMOD가 점검중이라고 나와서 당황했다 이 부분은 개선이 필요한 것 같다 그래도 배차가 잡혀서 다행이라는 마음으로 근처 정류장에서 
IMOD를 기다렸는데 다른 손님 때문인지 최단거리로 오지 않고 빙빙 돌아서 정류장으로 왔던 것 같다 
탑승해보니 널찍한 내부와 발열체크 장치 다음 정류장과 근처에 가볼만한 곳을 추천해주는 모니터가 
눈에 띄었다 차량 내부도 깔끔해서 만족스러웠다 지하철역까지 걸어가지 않고 IMOD를 이용하길 잘했다는 생각이 들었다","탑승한 사람이 나와 여자친구밖에 없어서 그런지 최단경로로 목적지까지 이동할 수 있었다
확실히 버스보다 좋은 점이 많다는 생각이 들었다 버스보다 빠르고 버스보다 승차감이 좋고
정류장이 많아 원하는 지점에서 타고 내릴 수 있기 때문이다 
반대로 버스만큼 많은 사람들이 이용하게 되면 너무 많은 정류장 때문에 이동 동선이 길어질 것 같다
배차가 상당히 어렵다는 점이 불편했다 그래도 정류장 지하철역까지 걸어가지 않고 편하게 이동할 수 있어서 좋았다","처음이라 비교적 짧은 거리만 이동했지만 다음에는 좀 더 긴 거리를 목적지로 설정해서 이동하면
기존 대중교통으로 이동하는 것보다 빠를 것 같다 오늘도 지하철로 이동하는 것보다 15분 정도는 빠르게
집에 도착한 듯하다 IMOD 를 이용하면서 든 생각은 배차가 잡히지 않을 때 안된다고만 안내해주기 보다는
몇 분 후에 배차가 가능하다는 배차 예상시간을 구체적으로 안내해줬으면 좋겠다
그렇게 되면 IMOD배차를 기다리다가 포기하고 다른 교통수단을 이용하는 사람들이 적어질 것이라고 생각한다 ","
추천  짐이 많거나 목적지까지 거리가 멀지만 시간여유가 있는 시민
이유 1 탑승할 때 발판이 내려와서 버스나 지하철보다 탑승이 쉽기 때문에 짐이 많은 경우 이용하기 편리하다
2 정류장마다 정차하지 않고 목적지까지 바로 가기 때문에 빠르지만 배차가 얼마나 걸릴 지 모르기 때문에
시간 여유가 있을 때 이용하는 것을 추천한다"
"송도에서 놀기 위해 차를 타고 송도로 향했다 송도에서 여기저기를 방문할 예정이라 차를 계속 
가지고 다니기 힘들었고 무료 주차장이 있는 송도 현대아웃렛에 차를 주차시키고 IMOD를 이용해 
돌아다니기로 했다 센트럴파크 방문겸 센트럴파크 근처에서 저녁을 먹으려고 IMOD를 호출했지만 
20분 동안 배차가 되지 않아 결국 자전거를 타고 식당으로 이동했다 저녁을 먹은 후 센트럴파크를 구경하고 다시 송도 현대아웃렛으로 가기 위해 itrip을 이용해 IMOD를 호출했고 배차가 되었으나 20 후 도착 
예정이었다 20분 동안 추가로 센트럴파크를 구경 후 IMOD에 탑승하였다","20분 후에 IMOD에 탑승할 수 있었고 IMOD안에는 추가로 다른 승객이 탑승해 있었다 IMOD를 다수 
이용해보았으나 매번 혼자 이용했고 다른 승객이 있던 적은 처음이라 너무 신기했다 목적지까지 가는 길에 다른 승객이 먼저 내리고 목적지에 도착할 수 있었다","기다린 시간을 포함하여 35분 만에 목적지에 도착할 수 있었다 IMOD를 다른 승객과 같이 타본 적이 처음인데 다른 승객 때문에 약간 경로를 돌아가는 것을 미리 알 수 없어 약간 
혼란스러웠다 또한 방향이 비슷하다면 중간도 추가로 승객이 탑승할 수 있기 때문에 목적지까지의 시간은 늘어나게 되어있다 목적지까지의 도착시간이 변동될 수 있다는 점에서 약간 불편함을 느낄 수 있었다 목적지까지 정해진 시간에 무조건 도착해야 하는 상황이라면 IMOD는 좋지 않은 선택일 수 도 있겠다는 
생각이 들었다 예상 도착시간이 맞아서 탑승했지만 추가로 승객이 탑승해서 지연되면 정해진 시간에 도착하지 못하기 때문이다","하지만 여전히 서비스는 편리했고 쾌적하게 이동할 수 있었다 배차가 진행되지 않았을 때를 위해 
현재 운행 중이 IMOD의 위치를 아이콘으로 지도에 표시해주면 좋을 거 같다 IMOD의 위치를 
보고 배차가 가능한지 아니면 현재 IMOD가 어디쯤 있는지 파악할 수 있어 이동수단을 
결정할 때 편리할 거 같다","
추천  시간이 넉넉하고 쾌적하게 이동하고 싶은 사람
이유  배차가 빠르게 진행이 안될 수 있고 중간에 경로가 변경될 수 있어 시간이 촉박한 사람은 늦을 수 있다

"
"검암역에서 볼일이 있어 나왔다가 검단 신도시에 있는 투썸플레이스에 가기 위해 네이버 지도를 확인했다 검암역
에서 투썸플레이스 인천 원당점까지 직통으로 가는 버스가 있었지만 이미 지하철 내부였기
때문에 출구를 찾고 버스를 찾으러 다시 역 밖으로 나가기 너무 귀찮았다 그래서 어떻게든 되겠지
하면서 인천 2호선을 타고 완정역으로 가기로 했다 완정역에서 투썸플레이스까지 멀지 않아 버스를 찾아보고 없
으면 가까우니 택시를 탈 생각이었다","완정역에서 버스를 탈 생각을 하고 4번 출구로 나왔더니 4번 출구 앞 버스정류장에 IMOD가 대기 중인
것을 발견했다 다른 사람이 호출한 버스인 것 같아서 출발할까 봐 조마조마한 마음으로 급하게 itrip으로 경로
검색을 하고 버스를 호출했다 이미 itrip 회원가입과 카드 등록을 해 놓은 탓에 빠르게 IMOD 배차를 확정
받았고 정류장에 대기 중인 IMOD를 탑승했다 다른 사람이 호출한 줄 알았던 IMOD는 나 혼자 탑승한
채 출발하였다 기사님께서 역 앞에서 호출 대기 중이셨던 거 같다 대기 중인 IMOD를
탑승하니 역 앞에서 콜택시를 탄 기분이었다 대기시간 없이 역에서 나오자마자 IMOD를 탑승할
수 있어서 너무 좋았다","완정역에서 버스를 탈 생각으로 경로 검색을 하면서 역을 나오고 있었는데 출구 바로 앞에서 IMOD를
탈 수 있어서 내가 몇 번 버스를 타야 하는지 정류장이
어딘지 확인을 안 해서 너무너무 편리했다 점심시간쯤이어서 버스를 타면 혼잡했는데 IMOD는
혼자 편리하게 이동할 수 있어서 너무 좋았다 무엇보다 버스는 모든 정류장에서 정차하지만 IMOD는
다른 손님이 없으면 직통으로 목적지까지 가기 때문에 택시와 같은 서비스를 누릴 수 있었다","앱에서 현재 나의 위치를 확인할 수 있고 하차시점에 핸드폰으로 푸시 알림이 와서 너무 편했다 기존에 버
스를 탈 때에는 지금이 어느 역인지 계속 확인했어야 했고 자칫하다 가는 핸드폰을 보다가 하차역을 지나
친 경험도 있어서 내려야 할 시점을 알려주는 게 너무 편했다 지하철을 타고 왔기 때문에 환승이 안 된다
는 점이 너무 아쉬웠지만 택시를 탈 생각도 있었기 때문에 택시보다는 많이 저렴했다 1800원으로 시간도
절약하고 서비스도 좋아서 전혀 아깝다고 느껴지지 않았다","목적지까지 편리하게 쾌적하게 가고 싶은 시민
이유  목적지가 비슷한 사람들끼리 동승하기 때문에 정차하는 목적지가 많지 않아 빠르게 갈 수 있고 무엇보다 정해진 인원만 타기
때문에 혼잡하지 않아서 좋다"
"마곡나루역에서 선약이 있어 어떻게 갈지 고민 중이었다 이제 봄이 오면서 날씨가 좋아 대중교통
말고 드라이브도 할 겸 쏘카를 빌려서 갈 생각이었다 그렇게 쏘카 어플을 확인했고 원하는 시간의 차가 검단
2 공영 주차장에 있었다 쏘카 시간이 촉박하여 택시를 탈 생각에 택시 호출 어플을 확인해보니 8분
후 도착이었다 이렇게 되면 택시를 탈 이유가 없었고 3분거리에 IMOD 정류장이 있어 카카오 자전거를 타고 IMOD
정류장으로 갔다","유현사거리에서 호출을 하려고 정류장에 도착해 앱을 실행하니 10분이 지나도 배차가 되지 않았다 버스는 모두 20분
후 도착예정이라 다시 자전거를 타고 검단 신도시 안쪽으로 들어갔다 서구영어마을이라는 정류장에 도착했고 해당
정류장에서 호출을 시도하니 2분만에 IMOD가 도착하였다 유현사거리는 김포와 검단 신도시 경계에 있는 외곽쪽
정류장이다 검단 신도시 안쪽에서는 IMOD가 빠르게 배차 되었지만 외곽에서는 배차가 힘들다는 것을 확인하였다","IMOD가 아직 대중화되지 않아서인지 나 혼자 탑승하였고 정차 없이 완정역으로 바로 갔다 그렇게 나는
서구영어마을에서 8분 만에 도착할 수 있었고 시간에 맞춰 쏘카를 탑승할 수 있었다 비록 배차가 되지 않아서
자전거를 타고 다른 정류장으로 이동했지만 그래도 버스를 이용하였을 때보다 빨리 도착 할 수 있었다
지금은 많은 사람이 이용하지 않아서 바로 배차 받을 수 있지만 사용인원이 많아져서 배차 시간이 길어진다면
버스와 IMOD 중에서 뭐가 더 효율성 있는지 고민해볼 것이다","itrip으로 경로 검색 후 IMOD 호출 시 IMOD 앱 서버가 불안정한 지 IMOD 시작페이지에서 무한
로딩되는 현상이 있었다 여러 번 시도해도 같은 현상이 계속 발생되었고 실행 중인 앱을 완전
삭제 후 다시 시도했더니 호출이 가능했다 실제 itrip에서 경로를 검색하였을 때 다른 대중교통과 연계해서
IMOD를 이용하였을 때 더 효율적인 경로가 거의 나오지 않았다 검단 신도시내에서 이동할 때 IMOD 이용이 더
효율성 있는 것 처럼 느껴진다","추천  검단신도시내에서 빠르고 편리하게 이동하고 싶은 시민
이유  검단신도시 밖에서 대중교통을 타고 검단 신도시로 오는 경우 대중교통이 잘 되어 있어 추가로 IMOD를 호출 할 일이 없을
것이다 실제로 itrip에서 경로 검색을 했을 때 IMOD와 연계한 경로가 나오는 경우가 거의 없었다"
"신도시 특성상 퇴근시간 이후는 배차 자채가 어려움 수번을 호출을 해도 응답하지 않음 몇번 아니 수십번의 시도 끝에  겨우 호출성공 “이시간이면 차라리 걸어 가는 것이 좋지 않았나  “ 하는 후회가 막심 함 

그래도 꿋꿋하게  재시도 끝에 배차 성공 출발 위치는 검단신도시 남쪽부근인 “아라노을공원 한신더휴” 
다행이 대기시간은 7분으로 그리 긴시간은 아니나 “수요응답형” 이란 목적과는 정말 상반 된 것 같음
이서비스는 다시한번 느끼지만 지자체 혹은 관공서 혹은 공기업의 의무적인 예산 사용을 위한  보여주기식’  서비스 같음","다행이 해당 버스는 정확한 정류장에 도착하였으며  기사님의 응대 혹은 승차 고객의 탑승에 전반적인 부분역시
일반 버스와는 달리   친절하고  안전하였으며  기타 다른 부분에선 불편한 부분이 없었음","신도시의 특성상  거주하는 아파트 인접한 곳에 많은 상권이 형성되지 않은 탓에  기존 상권이 형성되어 있는 원도심
구도심으로 이동 하였음 해당 노선을 이동하는 부분에선 특이사항 없음  대채적으로 만족 하는 부분","신도시를 고려하지 않은 노선과  운영 방침    기존 여타 다른 신도시  송도  영종도 를 운영하며 있던 내용을
그대로 접목하고자 하는  전문성이라고 전혀 느껴지지 않은 탁상행정  사람이 아직 거주 하고 있지도 않은 곳에 정류장을 표시한 이유는 무엇인지  아이모드의 장점은 이름 그대로 ’수요응답형 버스＂라는 것으로 소형버스로 일부 대로 및 소로 등 노선의 방법이나 위치등 특이점을 찾아 합리적인 노선과 운용 방법이 있을 텐데 전혀 고려하지 않은 운영의 방법 또한 이를 바로잡지 않고 그저 목적과 스케줄에 따라 과정에 속한 기관및 유관 부서등 다시한번 많은 아쉬움이 느껴지는 부분 입니다","
추천   없음
이유   특이사항 없음"
드디어 격리가 끝났다 격리가 끝나고 주민센터에서 격리 지원금 신청서를 쓰고 엄마와 아이모드 체험을 하기 위해 계양역으로 가기로 정하여 버스를 호출했다,다른 분들의 후기도 들어보고 제대로 사용법을 알게 되니 얼른 버스를 타보고 싶다는 마음이 있었다 배운 사용법대로 호출하니 그렇게 어렵지도 않았고 버스도 바로 배차되고 써져 있던 시간대로 도착하였다 문도 자동문이고 버스 발판이 내려와서 신기했다 버스를 탈 때 옆에 어느 분께서 우리가 타는 걸 보고 문을 두드리시면서 타도 되냐고 물어보셨다 아마 그 분께서는 신기한 버스인줄 아셨던 것 같다 기사님은 어플로 불러야된다고 하시고 출발하셨다 아직 아이모드가 뭔지 모르는 사람이 많고  홍보가 필요하다는 걸 더욱 느낄 수 있었다,"계양역까지 굉장히 편하게 이동하였고 이용하는 사람들도 없어서 택시같은 느낌이었다 안에 손소독제와 컵홀더가 있어서 위생적이었고 기사님쪽은 비닐같은걸로 막혀있어서 안전해보였다
목적지와 출발지점이 너무 가까워서 조금밖에  못타는 것이 아쉬웠다 
 
 ",계양역에 도착하였다  계양역까지 편하고 빠르게 이동할 수 있었다 버스 이용범위가 더 넓어진다면 좋겠다 너무 편리한 버스이지만 이용범위가 너무 좁아서 5분밖에 이용하지 못했다는 것이 아쉬웠다 계양구청이나 계양산 시장 쪽 까지만이라도 범위가 확대된다면 체험의 목적이 아니더라도 자주 이용할 것 같다 ,"
추천   짐이 많은 사람  캐리어를 들고 대중교통을 이용해야하는 사람
이유   대중교통을 이용하면 무거운 짐을 들고 버스계단을 올라가야하고 흔들리는 버스라 힘들 수 있을텐데 아이모드 버스는 버스의 공간도 넓고 이용하는 사람도 적으므로  쾌적하게 무거운 짐을 놓고 이동할 수 있을 것 같다 

"
생일을 맞이해 쉐라톤 호텔에서 호캉스를 즐기고 귀가하기 위해 아이모드를 타고 가까운 지하철역으로 가고자 했다,월요일 늦은 10시가 다 되어가는 시간이라 바로 배차가 됐다 15분 후 탑승 가능하다고 표시됐고 버스도 제 시간에 맞게 도착했다 호텔 앞 버스 정류장에서 탑승했다 기사님이 친절하게 인사해주셨다 얼마 안 되는 거리에서 다른 승객이 탑승했다,기사님이 운전을 잘 하셔서 편안하게 목적지까지 도착할 수 있었다 13분 탑승했고 2명이라 3600원을 지불했다 벌써 세 번째 아이모드를 탑승했는데 1인 이용시 가성비가 좋은 점이 마음에 든다 아직 교통이 발달하지 않은 신도시에서 동네에서 동네로 이동할 때 참 유용한 교통 수단같다,송도는 확실히 imod 이용이 검단계양보다 활발해서 28일에 2번 이용하는데 모두 중간에 다른 사람이 탔다 검단 계양도 주민들의 연령대에 맞는 홍보와 혜택으로 시민들의 이용을 장려해 시민들이 편리하게 이동할 수 있으면 좋겠다,"혼자’ 마을에서 마을로만’ 이동시 굉장히 가성비 좋고 편리한 교통수단이 될 것 같다 버스보다 350원 비싼데 택시같은 느낌이니 말이다
다만 앞서말한 경우가 아닐 경우에는 그냥 저렴한 택시와 다름없어 아쉽다
환승이 된다면 시민들이 알아서 찾아서 서비스를 이용하려고 할 것이다"
"단지 바로 옆에 IMoD 정류장이 있다보니  
I trip 앱을 켜자마자 차량이 2분 후 탑승가능하다는 문구를 보고 엘리베이터가 올라 올때까지 기다렸다가 탑승결제를 함
내린 후 1분 이내로 IMoD 차량이 옴",실제 이용 기록은 6분으로 지하주차장에가서 승용차를 타고 주행을 한다고 했을때 단지 밖을 벗어날 시간쯤 삼정프라자에 도착할 수 있어서 기동성  및 편의성에서 승용차보다 IMoD가 상당히 우수함,늦은시간이라 시내버스들이 붐비지 않아 정류장 한가운데서 내리고 주변에 기다리는 사람도 없었음,"삼정프라자 정류장에서 1분 거리에 있는 곳이고 비조리 식품 픽업이라 결제까지 5분내로 일사천리로 결제 맘스터치 또한 사전 예약으로 바로 픽업 함
이후 돌아오는 길은 호출 후 1분내에 탑승할 수 있었고 도착까지는 4분 소요되어 무척 편리함 단지내 홍보를 할 수 있었음",추천 이유  신도시라는 이유만으로 배달비나 음식가격에 차별을 받고 있어서 많은 분들이 주변 식당가에 배달보다는 포장을 선호하는 상황입니다 바로 옆 풍무동은 시가 달라서 그런지 실제 1km가 되지 않음에도 배달비를 6천원에서 8천원까지도 받기도 합니다 원당동쪽은 배달비가 주로 4천원인데 아이모드를 이용하니 다소 몸이 피곤하긴 하지만 평소 배달할때는 아내가 양보를 하여 아이가 먹을 수 있는 음식을 시켰는데 오늘은 아이모드를 통해 아내와 아이를 모두 만족시킬 수 있는 음식을 포장하여 배달비 8천원대신 3600원의 비용을 20분 안쪽으로 이용하니 무척 용이 했습니다 물론 1가지만 시킬때는 권장되지 않는 방법입니다
단지 바로 옆에 IMoD 정류장이 있다보니  접근이 쉬워서 관리실에서 정류장까지 대략 3분 정도 소요,대표님들이 모두 모인 후 버스를 부르고 결제하기까지 5분이내 모든 행위가 이루어져서 대기시간도 체감할 수 없고 좋았습니다,하차를 원하는 지점까지 갈 수 없는 점이 아쉬웠습니다,"IMoD는 호출에 어려움이 없고 결제도 편하고 대기시간이 소요되지 않는 점이 무척 좋았습니다
다만 근거리 이동의 경우 다수가 타는 것은 택시비보다 비싼 감이 있습니다","
추천  
이유  버스 승강장에서 추운날씨에 언제 올지 모르는 버스를 기다리는 것보다 직접 호출해서 탈 수 있는 IMoD를 이용하는 것이 좋다 생각합니다 다만 계양역등 주요 이용시설에 가지 않는 단점 및 주요 이용시설에 갔을때 수요가 늘어서 서비스 이용에 불편이 생길 수 있는 점이 잘 조율 되야할 것 입니다
"
식당에서 정류장까지 걸어가는데 소요되는 시간은 옥계공원을 통해 식당에서 호반아파트까지 걸어가는 시간과 유사합니다 버스 대기시간 이동시간등을 고려하면 걷는 것이 더 빠를 수도 있고 비용적인 측면에서도 이득입니다만 홍보를 위해 이용하였습니다	,역시 대기와 결제등에는 크게 문제가 없었습니다,아라동 행정복지센터는 특정 동대표님들께만 가까울 수 있고 다른 정류장을 이용해보기 위해 아라동 행정복지센터에 하차하였습니다,"IMoD는 호출에 어려움이 없고 결제도 편하고 대기시간이 소요되지 않는 점이 무척 좋았습니다
다만 근거리 이동의 경우 다수가 타는 것은 택시비보다 비싼 감이 있습니다", 야간에 추운날씨에도 대기 시간이 없는 점은 무척 편리하고 내부가 쾌적하여 이용이 용이합니다
"오류지구에서 일반 버스 배차간격이 길어 완정역까지 지하철을 타고 이동했다 
지하철 소요시간 13분
지하철 안에서 호출하여 정류장 도착하면 기다리는 시간을 줄일수 있다","지하철 하차 전 itrip앱으로 호출 하였다 호출 대기시간은 13분 주말이라 대기시간이 길었다
지하철에서 정류장까지 걸어 올라오는 시간과 호출 시간이 거의 비슷하여 대기 시간 길지 않게 버스를 탑승하였다
itrip앱을 닫았다가 버스가 도착하여 탑승권을 찍어야 하는데 앱을 켜도 탑승권 확인이 되지 않아 당황했다
탑승권을 찍어야 버스가 출발한다고 한다  어렵게 찍고 앉았는데 버스안 냄새가 심하다
정말 환기가 너무 너무 필요하다 심지어 창문이 없어 너무 답답했다 새차냄새 환기 좀 해주세요 제발","저번과 같은 종착지를 선택한 이유는 시간을 비교해 보고 싶어서이다
완정역서구영어마을 소요시간12분 대기시간 13분
서구영어마을완정역 소요시간8분 대기시간4분
버스를 타는 도중 별다른 호출이나 손님은 없었다 주말에 차량 2대만 움직여서 대기시간이 길거라 생각했는데
오히려 평일보다 짧았다
","평일보다 빠르게 도착하여 만족스러웠다

개선점 
결제 방법 itrip앱에서 결제화면이 안보이고 자동호출 화면으로 넘어감 자동 등록된 결제화면 결제된 내용 보여주세요

앱 사용성 1 itrip앱을 닫고 다시 앱을 켰을때 탑승권 QR확인 가능한곳이 있어야 한다마이페이지 버스탄이력조회가능탑승권 확인 가능
2 현재 위치로 가장 근거리 정류장이 나오도록 검색하도록 해주세요검색기능 수정 보완 요청
3 출발지 설정할때 정류장 검색도 할수 있도록 활성화 필요

서비스 새차 냄새와 안좋은 냄새가  강해서 문을 열고 싶었으나 창문이 없슴","
추천  대형마트병원  중심부 검단사거리완정역 독정역 가기위한 버스  배차 간격이 긴 지역오류지구 금곡동 마전지구 안쪽
버스 배차 간격이 길어 중심부까지 가기 까지 너무 오래 걸린다 호출 버스가 많은 도움이 될것 같다 

1 아이모드 호출버스의 정체성 택시냐 버스냐 이런 문제가 아닌 누구를 위해 존재 할 것인지
2 편향성검단신도시만 운영  소외된 지역이 없도록 하는게 중요
3 안타까운 부분은 현 운영한 지역에 대한 서비스 개선을 위한 아이디어를 낸것인지  아이모드의 앞으로 활성화 방안 이부분이 정립되지 않은 상태에서 의견을 쓴 부분이다 ex 지금까지 검단신도시에 있다고 편향성 부분을 이야기 했었는데 다른 주재의 아이모드의 아이디어를 구했다면 친목도모를 위한 아이모드 운영산행 브런치까페 모임 키즈까페모임 운동모임 문화시설모임
등으로 내용이 확장 되었을 것이다"
학교를 가기 위해서 인천1호선을 탔지만 학교와 가까운 역인 인천대 입구 역에는 내리지 않았다 왜냐하면 인천대 입구 역에 내리면 버스를 타기 위해서 줄을 서야 하고 배차간격 때문에 시간이 오래 걸릴 것이라고 생각했다 그래서 택시와 비슷하지만 기존 정류장을 활용하는 자율경로 버스 IMOD를 이용을 해서 시간을 단축해보기로 하였다,테크노 파크역 정류장에 도착했을 때 처음에는 여기가 IMOD 탑승장이 맞는지 정류장에 아무런 표시가 없어서 헷갈렸지만 일단은 대충 IMOD앱에 있는 지도로 파악했다 그리고 호출 예상시간이 6분이길래 그리고 호출을 했는데 호출이 잘 되지가 않았다 한 5분 정도가 소모되었던 것 같았다 그래서 계속 호출을 해보았는데 정류장 도착예상시간이 19분이길래 다시 한번 호출했는데 그때는 15분이었다 호출할 때마다 시간이 달랐다 그래서 기다리는데 시간이 꽤 걸린 것 같았다 차량이 오고 탑승 할 때 내부를 봤는데 온도 측정계도 있고 QR코드도 찍는데 불편하지 않았고 내부는 쾌적했고 안에 탈출용 망치도 있는 것을 보고 진짜 버스와 비슷하다는 생각을 하였다,학교와 가까운 지점인 인천대학교 공과대학 정류장에 도착하였다 만약 일반 버스였다면 내릴 준비를 정류장 도착 전에 했을 텐데  조급함 없이 천천히 내릴 수 있어서 좋았고 내려올 때 발판도 자동으로 나오니 안전하게 하차 할 수 있어서 좋았다 또한 만약 택시였다면 도착지점을 말씀 드려야 하는데 IMOD가 버스정류장을 활용하니 그럴 필요도 없어서 좋았다,일단 지하철 내린 직후라서 1800원을 내고 탑승하려고 하니 환승이 안된다는 점이 아쉽다는 생각이 들었다 또한 앱에서 나타난 호출예상시간과 출발할 정류장도착예상시간이  일치하지 않았다는 점이 아쉬웠고 호출을 할 때 마다 예상시간이 달라진다는 점이 아쉬웠다 또한 내부에 접이식 의자가 하나 있어서 맨 앞자리를 이용하려면 불편할 것 같다는 점이 있지만 일반 버스보다는 쾌적하다는 점과 택시 기본요금보다 싸다는 점 그리고 빠른 시간 내에 목적지에 도착할 수 있다는 점이 정말 좋았다 또한 기존 버스에는 없는 안전벨트까지 있어서 안전하게 이용할 수 있을 것 같다,"
추천  인천대학교 학우
이유  먼저 인천대학교 송도 캠퍼스는 버스 기다리는데 기본으로 5분 이상을 기다릴 때가 있는데 송도 내에 아울렛을 가거나 마트 등을 갈 때 이 IMOD를 이용하면 빠른 시간 내에 목적지까지 안전하게 갈 수 있다는 점과 택시와 비교했을 때는 기사님이 말을 걸지 않아서 편안하다는 점과 정류장을 활용해서 굳이 도착지점을 말해주지 않아도 된다는 점 그리고 택시보다는 탑승인원이 2명 더 많다는 점 때문에 이 서비스를 추천해주고 싶다
"
지금은 서울에서 거주하면서 인천 송도에 위치한 인천대학교를 다니고 있어 학교에 등교하기 위해 인천 1호선을 이용하였다 지하철을 타고 1시간정도 이동하였다 송도 지리를 잘 알지는 못하지만 평소 경험을 고려해서 학교와 가장 가까운 역인 인천대 입구 역에서 내리지는 않았다 왜냐하면 인천대 입구 역에 내리면 버스를 타기 위해 줄을 서야 하고 배차 간격 때문에 시간이 오래 걸릴 것으로 예상되기 때문이다 그래서 택시와 비슷하지만 기존 정류장을 활용하는 자율경로 버스 IMOD를 이용하여 시간을 단축해보기로 하였다,테크노파크역 정류장에 도착했을 때 처음에는 여기가 IMOD 탑승장이 맞는지 정류장에 아무런 표시가 되어 있지 않아 헷갈렸지만 일단은 대출 IMOD 앱에 있는 지도로 파악했다 그리고 호출 예상 시간이 6분이길래 호출을 했는데 호출이 잘 되지 않았다 한 5분 정도가 소모되었던 것 같았다 그래서 계속 호출을 해보았는데 정류장 도착 예상시간이 19분이길래 다시 한 번 호출 했는데 그때는 15분이었다 호출할 때마다 시간이 달랐다 그래서 기다리는데 시간이 꽤 걸린 것 같았다 차량이 오고 탑승 할 때 내부를 봤는데 온도 측정계도 있고 QR코드도 찍는데 불편하지 않았다 내부는 쾌적했고 안에 탈출용 망치도 있는 것을 보고 진짜 버스와 비슷하다는 생각을 하였다,기사님과 소통 없이 편안하게 학교와 가까운 지점인 인천대학교 공과대학 정류장에 도착하였다 만약 일반 버스였다면 내릴 준비를 정류장 도착 전에 했을 텐데 조급함 없이 천천히 내릴 수 있어서 좋았고 내려올 때 발판도 자동으로 나오니 안전하게 하차 할 수 있어서 좋았다 또한 만약 택시였다면 도착 지점을 말씀 드려야 하는데 IMOD가 버스 정류장을 활용하니 그럴 필요도 없어서 좋았다 편안한 봉고차 느낌이었다 ,일단 지하철을 내린 직후라서 1800원을 내고 탑승하려고 하니 환승이 안된다는 점이 아쉽다는 생각이 들었다 또한 앱에서 나타난 호출 예상 시간과 출발할 정류장 도착 예상 시간이 일치하지 않았다는 점이 아쉬웠고 호출을 할 때마다 예상시간이 달라진다는 점이 아쉬웠다 또한 내부에 접이식 의자가 하나 있어서 맨 앞자리를 이용하려면 불편할 것 같다는 점이 있지만 일반 버스보다는 쾌적하다는 점과 택시 기본 요금보다 싸다는 점 그리고 빠른 시간 내에 목적지에 도착할 수 있다는 점이 정말 좋았다 또한 기존 버스에는 없는 안전벨트까지 있어서 안정하게 이용할 수 있을 것 같다,"
추천  인천대학교 학우
이유  먼저 인천대학교 송도 캠퍼스는 버스 기다리는데 기본으로 5분 이상을 기다릴 때가 있는데 송도 내에 아울렛을 가거나 마트 등을 갈 때 이 IMOD를 이용하면 빠른 시간 내에 목적지까지 안전하게 갈 수 있다는 점과 택시와 비교했을 때는 기사님이 말을 걸지 않아서 편안하다는 점과 정류장을 활용해서 굳이 도착지점을 말해주지 않아도 된다는 점 그리고 택시보다는 탑승인원이 2명 더 많다는 점 때문에 이 서비스를 추천해주고 싶다
"
친구네 집에 가기 위해서 인천 2호선을 타고 완정역에 내렸다 itrip으로 경로 확인 결과 IMOD를 타고 가는 것이 효율적인 것 같아서 IMOD룰 호출하기 로 결정하고 지하철 역을 내린 후 호출하였다 완정역 추구 바로 앞에 정류장이 있어서 탑승 지점까지 찾아가는 것은 힘들지 않았다, IMOD 앱을 활용해서 호출했을 때 탑승까지 대기시간은 7분 정도 걸린다고 나와있었다 그리고 iMOD 앱을 통해서 계속 어디서 오고 있는지 확인했는데 대기시간이 그렇게 정확하지 않은 느낌이었다 1분 후 도착인데 지도를 보니 1분만에 올 거리가 아닌 것 같았다 하지만 어느정도까지는 예정된 시간이라서 충분히 불편없이 기다릴만 하였다 탑승 시에는 송도에서 경험했던 발판이 나오지는 않았다 , 탑승했을 때는 기사님도 친절하셨고 똑같이 QR코드와 온도측정기가 있었다 송도에서 탔을 때와 차량 내부에서의 다른 점은 없었다 안정감 있게 잘 탔는데 기사님께서 정류장을 헷갈리셨는지 유턴을 한 3번 정도 하신 것 같았다 하지만 크게 늦은 것은 아니고 버스와 비교했을 때도 빠른 시간 내에 갈 수 있어서 예정된 시간 안에 갈 수 있었다 하차 시에도 발판은 내려오지는 않았다 발판이 자동이 아닌가’ 이러한 생각이 들었다 그래도 발판 없이 잘 하차하였다 ,송도와 크게 다르지 않았고 안정감이 있었고 빠르게 타고 갈 수 있었다 굳이 차이점을 찾아보자면 발판의 유무였다 그 점 빼고는 크게 불편한 점은 없었다 그리고 계속 혼자 타니깐 불편한 점을 찾기가 어렵다 그래서 다음에는 사람이 모여서 각기 다른 정류장에 내릴 때와 한 번 비교해보고 싶다 ,"추천  검단 시민 
이유  검단은 아직 교통수단이 확정되지 않은 곳들도 많아서 대중교통을 이용하기 불편할 수 있지만 iMOD 앱을 활용해서 호출하면 지하철 역까지는 빠르고 안전하게 갈 수 있어서 만약 버스의 배차간격이 길다면 추천 해주고 싶다 "
"주말에 김포공항역근처에서 결혼식에 참석하고 17시에 검단 유현사거리 근방에서 지인과의 미팅이 있어 이동코스를
검색해보니 코스가 어저쩡하여 김포공항역에서 공항철도를 이용하여 검단역을 거쳐 인천지하철 완정역으로 가기로
했다 완정역 도착 3분전에 저번에 이용한 경험이 있는 IMOD가 생각나서 ITRIP 앱을 거쳐 출발지 완정역과 목적지
유현사거리로 입력하여 호출하였다 여러번 앱을 이용한 경험이 있어 모든 것이 순조로웠다","정확한 시간에 도착하였다 도착한 차량에서 발판이 내려와 쉽게 탑승하였다 탑승권QR을 찍고 그 옆에있는
손소독제도 사용하였다 차량안이 무척 청결하여 기분이 좋았다 조금가다가 승객 1명이 아이를 안고 탑승하였다
코스를 물어보니 나보다는 가까운거리인 것 같다 IMOD 이용편리에 대해 물어보니 자기는 아이때문에 IMOD를
종종 이용하고 빠르고 편리하다고 하였다 아이와 앉을 자리도 있어 좋다고 하면서 차량이 조금 넓었으면 좋겠다고
하였다 나도 이런 분이나 시니어분들이 IMOD 서비스를 이용하면 편안함에 비해 가격은 그리 비싸다는 느낌은 안
들었다","12분후에 유현사거리정류소에 도착하고 미팅장소가 걸어서 5분거리 정도되고 늦지않아 편한 마음으로 하차하였다
일반버스대기시간내에 막힘없이 목적지에 도착하니 IMOD의 효과를 톡톡히 보았다고 생각했다
택시를 타고 7000원정도 되는 거리를 택시탄 느낌으로 값싸게 편하게 왔고 IMOD가 없었다면 시간도 더 걸리고
고생을 했을 것 같다","아주 편하게 목적지까지 도착하여 IMOD 진가를 느꼈다 이와같은 좋은 서비스를 제공하는데 많은 분들이 이용하여
빠른시일내에 활성화 되었으면 한다 지인들이 뭐타고 왔냐고 물어 IMOD를 타고 왔다고 하니 무척 궁금해 하여
ITRIP 앱부터 IMOD앱까지 이용방법등을 상세히 설명하고 이용하라고 하였다 지인들도 가격이 1800원으로 약간
비싼 느낌은 든다고 하였다 조만간 IMOD 구독기능을 추가하여 값싼 가격과 혜택을 줄 것이라고 했다 구독서비스
기능이 있으면 이용자가 많아지지 않을까 생각한다","IMOD를 이용하면서 느낀 개선할 점을 적어 본다
 IMOD 버스 환승요금 미적용 저상버스로 대체 탑승예약기능추가호출결제확인기능 보완 PAY 결제방식 도입 탑승알림기능 추가
IMOD 정류장 표지판 설치 티머니 결제 추가 도착차량 이동표시점으로 교통이용약자를 위해 차량내부공간 확장 이용횟수에 따른
베니핏 혜택 반려견 미탑승표시구독경제기능 추가 출발지에 지연도착시 알림기능 1명이상 탑승시 IMOD에 승객 도착정류장
표시기능 1명이상 탑승시 IMOD내 LED화면에 승객탑승코스표시 1명이상 탑승시 여러코스통과하므로 도착예정시간 알림기능
총 탑승인원 알림유아포함"
"해든초등학교 100m 내 정류장이 없어서구 주소인식 그런지 아이트립이 인식 불가하여 아이모드로 호출함
아이트립은 버스정류장이 보이니 인식함","마을버스가 먼저 왔지만 아이모드 기다리느라 보내고 돈이 조금 아까웠지만 숙제 하려고 기다렸다가 탑승함
쾌적했고 언제나 친절하셨고 빨리오고 금방가서 좋았음
",하차 시 보조 스탭이 있어서 편리했음,처음 인식 불가할 때를 제외 하고는 크게 불편함이 없었음,"추천  부모님
이유  부모님께서 네이버 어플로 길찾기를 자주 하시는데 인천지역 사시니 아이트립을 추천하면 좋을 것 같음"
아침에 아이의 등교를 위해 자동차를 이용하여 해든 초등학교로 이동하였다 평소 대중교통을 이용해서 해든 초등학교 까지 이동하려면 40분 넘게 걸리기 때문에 자차를 이용하는 것은 어쩔 수 없는 것 같다 등교를 시켜주고 잠시 주차를 한 뒤에 숙제를 하기 위해 itrip 앱을 사용해보았다 해든 초등학교 주변에는 입주가 안되어 있어서 그런지 구 주소로 인식해서 정류장을 인식하지 못했다  100m 내에는 정류장이 없어서 앱에서 다른 동네로 인식했다 그래서 큰길 쪽으로 나가 아이모드 앱을 이용해서 호출을 했다 아이 트립은 정류장이 눈에 보이니 인식하였다,호출하고 기다리는데 평소에는 배차 간격이 넓은 마을 버스가 딱 시간이 맞아 아이모드보다 먼저 왔다 하지만 아이모드를 기다리느라 그냥 보내고 돈이 조금 아까웠지만 숙제를 하기 위해 기다렸다가 아이모드를 탑승하였다 마을버스가 아이모드보다 저렴해서 시간만 맞는다면 아직까지는 더 나은 거 같다 아이모드 내부는 쾌적했고 기사님은 언제나 친절하셨다 그리고 아이모드가 꽤 빨리 오고 금방 목적지까지 이동할 수 있어서 좋았다,아이모드를 타고 이동하면서 할머니가 아이의 유치원 등원을 위해 사용하는 것을 보았다 택시보다는 싸니까 택시라고 생각하면 아이모드가 더 나은거 같다 그리고 보조스탭이 있어서 편리했다 보조 스탭이 있어서 아이들이 이용하는 것도 좋을 것 같았고 아이 뿐만 아니라 노인분들이나 몸이 조금 불편하신 분들도 편안하게 이용할 수 있을 것 같았다,"처음에 정류장과 내가 멀리 있을 때 인식을 못했던 거를 제외하고는 크게 불편함은 없었다 
타면서 느낀 것은 공항철도까지 이용하는 영역을 확장하면 좋을 것 같다고 생각하였다 아직 검단에 입주하기 전이기 때문에 집과 가까운 검암역에서부터 IMOD를 타고 올 수 있으면 좋을 것 같아 확장이 되었으면 좋겠다","추천  자녀
이유  하차 보조 스탭이 있어서 아이가 등 하교 할 때 이용해도 버스보다 안전하여 안심하고 이용하도록 추천하고 싶다 그리고 아이 뿐만 아니라 노인 분들이나 몸이 좀 불편하신 분들도 이용하면 좋을 것 같다"
"아라동 행정복지센터에서 출발하여 아이트립으로 호출함
지도는 볼 생각 안하고 바로 버스가 호출이 되어서 아라동 행정복지센터에서 기다렸는데 버스가 그냥 가서 지도를 보니 바리미 마을로 호출이 된지 몰랐고 버스가 지나갔고 바라미마을 정류장까지 걸어갔지만 놓쳐서 노쇼됨",노쇼가 되어서 그랬는지 버스를 호출하는데 10분 이상 소요함,"경로가 변경되어서 놀람
버스에 경로 추가에 대한 안내 멘트가 있었으면 좋겠음화면 안내 말고
가는 데에는 5분 걸렸지만 오는 데는 17분 넘게 걸림","편해서 좋긴 했지만 비싼 요금이였으며 거리제로 요금이 책정되면 좋겠음
호출이 아닌 사람도 탑승하면 이용이 가능한지 궁금했음","추천  부모님
이유  부모님께서 네이버 어플로 길찾기를 자주 하시는데 인천지역 사시니 아이트립을 추천하면 좋을 것 같음"
다시 차가 주차되어 있는 해든 초등학교로 돌아가기 위해 아라동 행정복지 센터에서 출발하여 아이트립을 호출하였다 지도를 볼생각은 안하고 바로 버스가 호출이 되어서 아라동 행정복지센터에서 아이모드를 기다렸는데 버스가 그냥 지나가서 지도를 다시 보니 바리미 마을로 호출이 되어 있었다 아이모드가 지나갈 때까지 이 사실을 모르고 있었고버스가 그냥 지나가버렸다 30m 앞에 버스 정류장이 있었는데 큰 대로변에서 다른 정류장이 인식되어서 잘못 호출이 되었다 당연히 자기 앞에 있는 버스 정류장으로 올 줄 알았는데 아니었다 ,"건너편에 있는 버스 정류장에서 아이모드 기사님께서 조금 기다려 주시는 것 같아 바리미 마을로 걸어가고 있었는데 시간이 조금 걸리다 보니 결국 노쇼가 되어버렸다 노쇼가 된 아이모드는 바로 환불처리가 되었는데 노쇼가 되어 그랬는지 패널티로 버스가 배차가 잘 되지 않았다 그래서 아이모드 호출하는데만 10분 이상 소요되어 정류장에 앉아 있었다 
돌아올 때는 아기 엄마가 아기를 어린이집에 등원시키기 위해 탑승하는 것을 보았다",아이모드를 타고 가면서 갑자기 경로가 변경되어서 놀랐다 다른 손님이 추가로 생겨서 한신아파트를 들려서 가느라고 시간이 엄청 늘어났다 가는데는 5분밖에 걸리지 않았지만 오는데는 17분 넘게 걸렸다 시간이 중요한 사람에게는 많이 아쉬운 점인 것 같다 그리고 경로가 추가될 경우에 안내 화면 말고 버스에서 경로 추가에 대한 안내 멘트가 나왔으면 좋겠다,돌아올 때는 버스정류장을 잘못 인식하는 바람에 노쇼를 경험하였다 물론 확인을 안하고 있었던 나의 실수이긴 하지만 아이모드 앱에서 호출을 하고 나서 지도로 한번 보여줬다면 이러한 실수가 없지 않았을까 싶었고 확인 서비스가 필요한 것 같다  그리고 아이모드가 편해서 좋긴 했지만 비싼 요금인 것 같다 짧은 거리를 가는데 1800원이라는 가격이 부담스럽고 마을 버스와 차이가 많이 나는 것 같다 따라서 거리제로 요금이 책정되었으면 좋겠다 마지막으로 호출이 아닌 사람도 그냥 길에서 아이모드를 잡아서 탑승하면 이용이 가능한지도 궁금했다,"추천  부모님
이유  부모님께서 평소 대중 교통을 이용하시는데 검단에 입주 후에 집에 놀러 오실 경우에 이용하면 좋으실 듯 하다 그리고 평소 네이버 어플로 길찾기를 자주 하시는데 인천 지역에 사시니 인천 지역을 더 상세하게 보여주는 것 같아 아이트립을 깔아드리고 싶다고 생각하였다"
박촌역에서 IMOD를 체험하기 위해 친구와 계양역에서 만나기로 하여 출발하였다 ,버스를 부른지 10분정도 지났을까 IMOD 버스가 도착했다 둘이 같이 타려했으나 배차가 틀려 친구가 먼저 출발하고 나는 15분을 더 기다리는 불편함이 있었다 승차하고 나니 택시처럼 편하긴 했지만 승객이 너무 없는데다 홍보가 절실히 필요하다,친구를 만나기 위해 솔밭길 도착했다 친구가 미리 IMOD 버스를 불러 도착하자 마자 그차로 계양역으로 돌아왔다 ,잘 이용하면 편리할수도 있지만 계양1동 특성상 환승을 많이 하시는데 택시비 보다는 저렴하지만 환승을 고려한다면 요금이 비싸다고 느껴진다 기사님은 친절하셨고 이화동 다리부분에는 홍보용 포스터가 전혀 없다 버스 정류장에 포스터플 넣을 공간이 있다 주민센터 앞에도 현수막 붙이는 곳이 있다 앞으로 IMOD버스를 이용하시는 분 들이 많아지도록 저도 지인분들께 많이 홍보하겠습니다 ,계양 1동 주민
여자친구 생일을 맞아 호캉스를 다녀오기로 했다 송내역에서 부평역 부평역에서 인천대입구역으로 지하철만으로 이동할 수도 있었지만 오랜 시간 지하철을 타는것이 지쳐 테크노파크역에서 내려 아이모드를 타고 이동하기로 하였다 확실히 지하철 버스보다 아이모드가 훨씬 쾌적한 것이 큰 장점이 될 수 있을 듯 하다,그동안 배차가 잡히지 않았던 건 차량이 모두 운행중이어서가 아니라 운행이 불가능한 지역으로 목적지를 설정했기 때문이 아닐까 라는 생각이 들었다 가까운 곳으로 배차를 잡으니 바로바로 배차가 되었다 어플에 출발지에서 운행 가능한 구역을 표시해주거나 운행이 불가능한 지역이면 모든 차량이 운행중입니다’라는 문구 대신 운행이 불가능한 지역입니다’라는 느낌으로 문구를 바꾸는 것이 좋을 듯하다,답답한 지하철에서 벗어나 쾌적한 아이모드로 이동하니 확실히 기분전환이 된 느낌이다 또한 오늘 처음으로 동승자가 있었다 확실히 계양 쪽 보다는 송도에 이용객들이 많은 듯 하다 원래는 아이모드가 거의 택시로 이용되고 있다는 느낌을 강하게 받았었는데 이번에는 버스의 느낌을 조금 받았다 ,아이모드를 타고 쉐라톤호텔 근처 정류장에 하차한 후 목적지에 도착하였다 아이모드 체험은 오늘이 마지막이겠지만 앞으로 인천에 올 일이 생긴다면 아이모드를 적극 이용할 것 같다,"아이모드는 버스 지하철보다 훨씬 편하고 쾌적하기 때문에 사람들이 몇 번 배차문제 없이 이용해볼 수만 있다면 대중교통이 비교적 적은 지역에서는 확실히 많은 분들이 이용하실 것 같다
개인적으로는 아이모드의 이동가능 거리가 좀 더 길어지는 대신 일정 거리 이상부터는 추가요금을 받는 것이 어떨까 싶다"
따뜻해진 봄 분씨를 맞아 오늘은 아라마루 전망대에 가기로 했다 전에 다녀온 사람이 좋다고 해서 기대가 되었다,"처음에 호출을 눌렀는데 잠시 후 이용하라고 하여 당황스러웠다
다행히 5분 정도 후에 배치가 되었다 전에 타봐서 수월했다","아라마루 전망대 바로 맞은 편에 내려 주셔서 편하게 도착했다
이번에는 계양 2호차 였는데 기사님이 무 친절하고 잘 기다려주셨다",비가 많이 내리고 개인 쾌청한 날씨가 좋았다 사람들도 주말을 맞아 사들이 나온 모습이 많이 보였다 원래는 교차로에서 걸아하는데 비로 앞에 내려 편리했다,빨리 승하차를 해야 하고 돌아가는 버스와 달리 IMOD는 기사님께서 천천히 타고 내릴 수 있게 다 기다려 주시고 원하는 목적지를 택시처럼 빨리갈 수 있다 또 거의 앉아서 갈수 있다는 것도 장점이다 아직 이용인원이 적어 오늘처럼 배치가 빨리 되지 않거나 이용할 수 있는 지역이 제한적이라는 것이 단점이다 지극적인 홍보를 통해 이용인원이 늘어나고 운행 구역도 늘어나길 바란다 노인아이 짐많은 사람 다리 불편한 사람 추천
따뜻한 봄 날씨를 맞아 솔밭길을 가기로 했다 솔밭길로 가는 버스가 있긴 하나 배차가 길어 IMOD 버스를 이용해보기로 했다 우선 계양역으로 갔는데  IMOD 버스를 처음 탈 생각에 걱정도 되고 떨렸다 ,호출 후 버스가 오는데 약 10분이 걸렸다 발판이 내려와 나이든 사람이나 아이도 타기 용이헀고 내부도 깨끗했다 차량 앞 부분에 다음 정류장이 있어 보기 수월했고 모든 정류장에 서는 것이 아니라 일반 버스보다 빨리 이동했다 ,목상동 솔밭 정류장에서 내려서 솔밭길로 걸어갔다 아직 IMOD 버스에 사람이 별로 없어서 편하게 갔으나 만약 중간에 승차하는 사람이 있었다면 시간이 좀 더 걸렸을지도 모른다 ,처음 타면서 걱정이 많았는데 앱 작동도 잘 되고 QR코드 인증도 잘 되어서 좋았다 가격도 1800원이면 합리적이라 생각하나 아직 운행 구간이 넓지 않다는 점이 아쉽고 주말에는 한 대만 운영하는 것도 운이 없으면 오래 기다릴 것 같다 ,짐이 많거나 버스 배차가 긴 정류장 근처에 사는 시민에게 추천 거의 앉아갈 수 있어서 짐이 많다면 꼭 추천하고 싶다 또 내가 간 솔밭길은 583번 버스가 가는데 배차가 20분이 넘는다 이렇게 긴 배차 간격을 가진 버스를 이용하기 힘든 경우에도 추천한다 버스와 택시 그 사이 어디쯤인 교통수단이다 
"코로나로 여행도 못가고 매일 집에만 있어서오랜만에 코에 바람 넣으러 이라마루 전망대에 가기로 했다
일반버스는 아라마루 전망대까지 가는게 없어서 버스를 타고 계양역으로 가서 IMOD 버스를 타기로 했다",IMOD 앱을 켜고 호출하기까지 큰 어려움은 없다고 생각한다 쉽게 2명을 예약할수 있었다 4분후 도착 목적지까지는 7분이라는 숫자를 받았는데 미리 도착 시간을 알수 있어 좋았다 버스는 6분 후 도착했으나 친구와 얘기를 하며 기다려서 그런지 2분 차이가 크게 느껴지진 않았다,아라마루 전망대에 도착 하차하고 길을 건너려고기다리고 있는데 버스가 유턴하는게 보였다 어차피 거기서 버스를 돌릴거라면 유턴 후 하차를 해 주시는게 더 편했을 것 같다,IIMOD 버스가 내부 외부 모후 깨끗하고 손소독제가 있어서 승 하차시 손 소독을 할수 있어 요즘같은 때에 조금은 안심이 되었다 돌아오는 길에 다시 버스 예약을 하는데 인원수를 변경하지 않아 2명인데 1명만 예약 된 것을 탑승하면서 알게되었다 미리 예약하는 버스라 인원수 확인을 제대로 하지 않은 내 잘못이지만 취소하고 처음부터 다시 예약을 해야하는 번거로움이 있었다,버스 기사님이 운전을 조심스럽게 잘 해주셔서 이동하는 동안 택시를 탄 것 같은 편안함을 느꼈다 컨디션이 좋지 않은 날 일반 버스보다는 기다리는 시간도 적고 편안한 IMOD를 타는 것을 권유하고 싶다 
언니를 계양역에서 만나기로 해서  버스를 타고 계양역으로 이동했다 저녁시간쯤엔  퇴근으로  계양역에 사람이 많기 떄문에  iMOD를  이용해 보기로 했다,앱을  통해 부르니  23분 정도 후에  도착해서 빠르게 탈 수 있었다 역시나 내부는 깨끗했고  퇴근시간이라 사람이 많았는데  편하고 빠르게  이동할 수 있어서 좋았다,버스를 기다렸다 탔으면 사람이 많아서 불편했을텐데 앱을 통해 앉아서 편하게 올 수 있었다,요즘 버스 배차시간이 길어져서  정류장에 서있는 시간이  긴데  이런 앱을 알아서   쉽게 원하는 목적지르 빠르고 편리하게 이동할 수 있다는 것이  좋았다 ,"처음 앱을 이용했을 때보다 더 빨리 버스가 와서 일반 버스 베차시간을 기다리는 것보다 시간을 아낄 수 있었고 손님이 없으면 바로 원하는 목적지로 가기 때문에 그만큼 이동시간도 단축되어 좋았다
이런 서비스를 체험해보고 알 수 있어서 용이했다 출퇴근시간이나 급할때 이용하면 정말 편하겠다는 섕각이 들었다 Imod 이동경로를 조금만 더 확장하면 이용객이 늘어날 것 같다는 생각이 들었고 쿠폰이나 요금혜택환승혜택 등의 서비스를 좀 더 추가하면 부담없이 사용할 수 있을 거 같다 "
언니 짐도 들어주고 마중도 하기 위해  준비하고 나가게 되었다 언니가 역에 도착할 시간이 다 되어가서  급하게  준비하고 나갔다 버스는 요즘  배차시간이 늦어서  iMOD 앱을  이용해서 호출해보기로 했다 얼마나 빨리 올 수 있을지  의문이 들기도 했고 처음 이용해보는거라  제대로  잘 오고 있는건지  차 내부는 어떨지 궁금함도 있었다,"IMOD앱을 이용해서 출발지와 도착지를 입력하여 배차를 누르니  쉽게 휴대폰으로 결제가 되었다는 문자가 왔다
차가 탑승지에 도착하기까지 소유된 시간은 6분8분정도였다 버스 기다리는 시간과 비슷한 정도였다
차  내부는깔끔했고 앉는 좌석에 공간이 좀 있어서 편하게 탑승해서 갈 수 있었다  탑승할떄  발판이 자동으로 내려와서 탑승하기 편했고  기사님이 친절하게 응대해주셔서 좋았다  손 소독제도 구비되어 있어서 위생적으로 좋았다  내가 탑승했을 떄는 손님이 없어서 택시탄거처럼  조용하게 목적지까지 갈 수 있어서 좋았다","계양역에서 내려서 언니를 만나고  같은 방식으로  다시 앱을 이용해서  장기동에서 내려서  금방 집으로 갈 수 있었다
역시 올 때도 탑승자가 없어서  바로 도착지까지 도착할 수 있었고 버스 이용하는거보다 5분가량  빨리 도착할 수 있었다 ","버스가 너무 늦게 오거나 빨리가야하는 경우에는 이용하면 좋겠다는 생각이 들었다
하지만 대부분 버스를 타면 지하철로 갈아타거나 멀리가는데  이 차는 환승이 되지 않는다는 점이 가장 아쉬웠고 그래서 가격적이 면에서도 부담이 된다는 생각이 들었다 
쉽게 결제되는 장점이 있었고 다만 차가 움직이는 노선이 짧아서 아쉬웠다","


추천  짐이 많거나 바쁜 사람 또는  환승 필요없이 목적지까지 가는 사람
이유  이동 시간이 줄고  버스보다 편하게 목적지까지 갈 수 있다 

"
친구랑 약속이 있어서 계양역을 가야했다 그래서 imod를 이용하여 계양역을 가기로 하였다,imod버스를 불렀는데 6분후에 도착한다고 해서 기다렸다 원래는 장기동 농협앞에서 불렀는데 갑자기 경로가 바뀌어서 계양1동주민자치센터로 버스가 가서  거기까지 걸어갔다,버스가 다른 지점으로 가서 조금 불편했지만 그래도 계양역까지는 일반 버스보단 빨리 가서 괜찮았다  , imod를 이용하여 계양역 까지 간 뒤 계양역에서 지하철1호선을 타고 부평까지 갔다,"imod 버스는 확실히 부르면 바로 와서 편했고 무거운 짐이 있을 때마다 자주 이용할 것 같다
하지만 지하철을  타려고 할 때는 돈이 2번 나가서 많이 이용하지는 못할 것 같다
또한 노선이 더 많아진다면 좋을 것 같다 아직까지는 내가 갈 만한 곳이 계양역밖에 없어서 아쉬웠다
홍보를 더 많이 해서 나 말고도 이용하는 사람들이 더 많아졌으면 좋겠다"
딸 아이와 함께 박촌역 부근에서 81번 버스를 타고 계양역으로 갔다 처음 타보는거라 몹시 설레었다 IMOD 앱에서 요금을 정산하고 호출하였더니 5분정도 기다리니 도착했다 ,설렘 반 기대 반으로 버스에 타니 첫째 발판이 내려와서 신기했다 버스 실내가 생각만틈 깨끗하고 소독제도 구비되어 있어 안심이 되었다 기사님도 친절하시고 일반 버스와 다르게 안전벨트를 매라고 기사님이 말씀해 주셔서 참 좋았다 ,목적지인 목삼동 솔밭 2단지에서 내려 애견카페 위치와 상세정보 확인 후 바로 기사님 호출 후 7분 정도 기다렸다 집으로 오려 계양역에서 하차 후 30번 버스로 집에 귀가했다 ,처음 이용하는지라 뭔가 어설프고 얼떨떨했지만 기사님의 친절함과 쾌적한 실내 환경이 대체적으로 만족했다 일반버스보다 가격이 조금 비싸긴 한데 집 근처 박촌역까지 운행 된다면 더욱 좋을 것 같다 ,집으로부터 버스정류장이 멀고 빠른 이동을 원하는 사람에게 추천 배차 간격이 길어 오래 기다려야 하는 분들에게도 추천 계양 1동 버스들이 배차 간격이 길고 또한 버스들이 한꺼번에 밀려서 운행하기에 기다림이 필수적인 것을 생각하면 IMOD 이용이 꼭 필요하다 
혼자 풍림아이원 정류장에서 583번 마을 버스를 타고 계양역으로 갔다 두번째 승차라 조금은 익숙한 듯 했다 계양 1동 4팀원 박영숙님과 함께 풍림 아이원 정류장에서 30번 버스를 타고 계양역으로 갔다 ,계양역 버스정류장 조금 아래쪽에서 IMOD 앱으로 버스 호출 후 5분 정도 기다렸다가 버스 승차했다 박영숙님과 계양역에서 IMOD 앱으로 버스호출 후 6분 정도 기다려 승차했다 귤현쪽으로 계석 떠서 몇 번 헤맸다 ,목상동 솔밭에서 하차했다 바로 옆에 위치한 개떼 놀이터에 들어가 관계자와 면담 후 IMOD 팜플렛을 매장안에 비치해서 고객분들께서 자세히 읽어보고 사용하실 수 있도록 논의했다 호의적이었다 아라동 다리에서 하차 후 도보로 주민센터 앞에서 현수막을 걸을 수 있는 위치를 확인했다 ,이틀 연달아 탑승해보니 역시나 기사님이 친절했다 쾌적한 실내가 만족 스러웠다 개인적인 생각인데 팜플렛을 손님 많은데나 교통이 다소 불편한 곳에 비치했음 좋을 것 같다 ,집으로부터 버스정류장이 멀고 빠른 이동을 원하는 사람에게 추천 배차 간격이 길어 오래 기다려야 하는 분들에게도 추천 계양 1동 버스들이 배차 간격이 길고 또한 버스들이 한꺼번에 밀려서 운행하기에 기다림이 필수적인 것을 생각하면 IMOD 이용이 꼭 필요하다 
"집인 박촌역에서부터 계양 1동의 IMOD 시작지점인 계양중학교까지 반려견 산책을 하면서 걸어서 이동을 했다
계양1동의 시작지점이면서 주거공간이 많은 곳이 박촌동과 동양동인데 LMOD는 현에서부터 시작해서 불편했다
만약 걸어가지 않았다면 귤현역까지 버스를 타야했을텐데 환승이 되지않기 때문에 버스를 두번이나 타기에는 애매한 거리라서 아쉬웠다",정류장 근처에 가서 흐물을 하는데 11분정도 후 도착한다고 해서 배차신청을 했는데 배차신청 후 바로 3분안에 도착한다고 알림이 와서 1회 취소를 했다 그 시간안에 도착은 빠듯했기 때문이다 그 다음에 후술을 할 때도 마찬가지로 처음에는 11분 후 도착이라고 떴는데 배차신청을 하니 3분 안에 온다고 알림이 와서 당황스러웠다 버스는 너무 깨끗했고 기사님도 친절하셨다 차가 없으면 가기 어려운 곳이라 1MOD 이용해서 가니 편했다 내리기 전에 어느 위치에서 내리는것이 더 편한지 들어봐주셔서 감사했다,목적지인 식당 바로 앞에서 버스를 하차할 수 있어서 편리했다 앱을 등해 이동하는 과정이 보여서 안심이 되고 좋았다 다만 앱에 뜨는 도착예정 시간과 실제 도착 시간이 매우 달랐다 실제로 훨씬 빨리 도착했는데 앱에는 더 오래걸린다고 안내가 되고 있었다,"이 활동을 하기 전에는 1MOD의 존재 자체를 몰랐다 근데 막상 이용해보니 너무 편하고 쾌적해서 매우 만족스러웠다
다만 현재는 이용객이 적기 때문에 효출도 빠르게 되고 환경도 쾌적한데 만약 사람들이 많이 이용하게 된다면 지금처럼의 편리함은 조금 떨어지지 않을까 걱정스럽긴했다 현재처럼 호출이 빠르고 쾌적하다면 택시와 비교를 하게되어서 가격도 만족스럽겠지만 버스와 비교를 하게 된다면 여러 번 활용하기에는 가격이 비싸게 느껴질 것 같다
무엇보다 노선의 연장이 심하다 박촌에 사는 사람으로서는 귤현에서 시작되므로 애매하다 계양역에서 장기동으로 넘어가는 사람들에게는 편리할 것 같다",추천  자차를 가지고 있지 않은데 근처 맛집카페를 찾아가고 싶은 사람들 이유  동네 특성상 차가 없으면 가기 불편한 골목골목의 위치에 맛집과 카페가 숨어있기 때문에 그런 곳을 가고싶을 때 편리할 것 같다
"22년 3월 11일 오후 2시 30분에 IMOD 시범 탑승을 위해 집을 나섰다
계양1동 주민센터 출발 계양역 도착 입력 후 휴대폰 결제하고 호출을 했더니 2분후 도착 계양역 6분 소요라는 문자가 왔다 집에서 계양역까지는 버스가 가장 빠르고 편리한 것 같다 IMOD는 결제부터 도착지 입력하는 것이 불편하고 호출하면 제시간에 오지도 않고 운행코스가 계양1동에 한정되어 있다는 것이 필요성을 못 느낀다 
",설레는 마음으로 기다렸으나 30분이 지나고 버스는 오지 않았다 팀장님한테 전화해봤으나 기사하고 연락도 안되고 마냥 기다릴 수 없으니 그냥 집으로 돌아왔다 ,"집에서 계양역까지는 버스가 가장 빠르고 편리한 것 같다 IMOD는 결제부터 도착지 입력하는 것이 불편하고 호출하면 제시간에 오지도 않고 운행코스가 계양1동에 한정되어 있다는 것이 필요성을 못 느낀다 
인천시 전체를 운행한다고 하면 고려해 볼만 하지만 계양1동 에서는 필요성을 느끼지 못했다","
아이모드가 활성화 되려면 버스보다 편리하고 편하고 택시보다 저렴하고 빨라야 될 것 같다 그리고 운행 코스도 인천시로 넓히면 좋을 것 같다 또한 택시처럼 집 앞에서 타고 하차도 원하는 곳까지 운행하면 시민들이 이용하고 싶지 않을까 생각해 본다 ","IMOD를 처음 체험 할 때는 작동 방법을 잘 몰라 호출하면 오는 줄 알고 마냥 기다렸으나 오지 않았고 3차 체험을 하고 나서야 호출하고 탑승권을 클릭해야 기사한테 연락이 간다는 것을 알았다 이제는 아는 지인들에게 확실히 가르쳐 줄 수 있을 것 같다 아라마루까지 IMOD를 타고 가니까 여행하는 기분이 들고 아주 편하고 가벼운 마음으로 힐링할 수 있어서 좋았다 
계양1동에만 국한두지 말고 계양구 전체에서 운행하면 더 좋을 것 같다 "
올해 6월에 검단신도시에 입주 예정으로 아직은 검단에 갈 일이 없었다 스마트 모빌리티에 참여해볼 수 있는 좋은 기회가 생겨서 현재 거주 중인 집에서 자차를 이용해 검단까지 이동했다 Itrip을 통해 단거리 장거리 동네이동 등을 테스트 해보고싶어 앱에 들어가서 이동경로에서 목적지를 입력하였는데 추천경로로는 Imod가 나와있지 않았다 Imod 아이콘을 따로 눌러서 Imod를 불러야 하는 시간소요가 있었다 만약 제가 이렇게 해매고있을 때 Imod가 제눈 앞에서 지나간다면 버스를 다시 부르고 기다리는 데에 많은 시간이 허비될 것 같다는 생각을 하게 되었다 그래서 Itrip 이동경로 검색결과로 나오는 추천경로에 Imod뿐만 아니라 ZET IMOA를 권장하는 방식으로 바로 연동될 수 있게끔 서비스가 지원되었으면 한다  ,단거리를 측정하기 위해 가고자하는 목적지의 바로 전 정류장인 C검단LH행복주택아라센트럴파크 방면에서 출발했다 다행히 IMOD가 근처에 있어 2분안에 도착예정이여서 시간을 많이 허비하지않고 기다릴 수 있었다 오고있는 IMOD의 위치를 알 수 있어서 마냥 기다리지 않아도 되는 부분이 좋았다 탑승 할 때 기존의 시내버스와는 달리 카드를 사전에 등록해 교통카드가 없어도 된다는 점이 삼성페이를 쓰지 못하는 아이폰을 쓰는 나에게는 굉장히 편리했다 또한 생긴지 얼마 안되서 그런지 내부는 정말 쾌적했다,목적지인 호반써밋프라임뷰아파트에서 가까운 인천영어마을 파라곤센트럴 정류장에서 내렸다 일반 버스에 비해 같은 목적지가 있는 사람이 아니면 혼자 목적지까지 빠르게 이동할수 있고 도착후에 기사님의 친절한 도착안내말씀으로 편안하게 하차 할 수 있었다 현재 검단은 신도시로 입주한 가구가 많지 않아 교통이 원활하게 활성화되어있지 않은데 IMOD를 통해 가까운거리를 편안하게 이동할수 있어서 너무 좋았다 IMOD뿐만 아니라 ZET IMOA도 얼른 이용해보고싶다,처음 이용해 보았는데 현재 대중교통노선이 없는 정류장에 IMOD가 유일한 대중교통역할을 해주어서 정말 고마운 서비스였다 운행을 하시는 기사님께 운행 차수를 여쭤보았는데 평일엔 4대 공휴일과 주말엔 2대가 운행한다고 말씀해주셨다 앞으로 많은 입주예정으로 수많은 사람들이 IMOD를 이용하게 될 생각을 하면 증차가 무엇보다 시급해보였다 또한 코로나로 인해 만약에 확진자가 동승하였을 때를 감안해 차내에 환기를 시킬 수 있는 창문이 설치되었으면 한다 앞으로의 이용에 IMOD를쓰면 자주쓴만큼 할인을해주거나 환승을 해주거나 구독같은 서비스가 있었으면 좋겠다,"추천  검단 신도시에 거주하는 모든 시민
이유  일반버스로는 다닐 수 있는 정류장이 한정되어있다 IMOD 이용 시 일반버스와는 다르게 발판이 내려와 짐을 가지고 버스를 탑승하려는 사람에게 매우 편리하며 집 앞에 가까운 정류장에서 승하차하기에 편리하고 안전하며 만족스러운 생활을 할 수 있을 것이다"
올해 6월에 검단신도시에 입주 예정으로 아직 검단에 거주하지 않고 있지만 스마트 모빌리티에 시민으로써 참여해볼 수 있는 기회가 생겨 이용해 보았다 장거리를 이동해보고 싶어 아라동행정복지센터에서 출발해 완정역에서 도착하는 이동경로를 정해보았다 인터넷에서 이동경로를 검색해보았을 때 20분가량이 소요되어서 최대한 빠르게 이동할 수 있는 IMOD를 이용하게 되었다 ,장거리를 측정하기 위해 Itrip에 소속된 IMOD앱을 사용했다 이동경로에서 목적지를 입력하였는데 추천경로로는 Imod로 바로 연결되지 않아 다소 불편함을 느꼈다 Imod 아이콘을 따로 눌러서 Imod를 불러야 하는 시간 소요가 발생했다 또한 당일에 바로 이용해야 하는 사정으로 인해 하차한 후 다시 승차를 원해서 앱을 통해 탑승을 요구했을 때 배차 대기시간이 19분이나 소요되어 일반 버스보다 기다리는 시간이 많이 길어 어려움을 느꼈다 탑승할 때 기존의 시내버스와는 달리 카드를 사전에 등록해 교통카드가 없어도 된다는 점은 좋았지만 만약 앱을 통해 호출했는데 도중에 휴대폰 배터리가 방전되어 전원이 꺼질 경우나 스마트폰을 소지하지 못했을 경우 카드를 인식을 통해 결재할 수 있는 서비스의 도입을 생각하게 되었다,목적지인 완정역당하동탑스빌아파트 방면에서 내렸다 같은 목적지에 가려는 분이 계셔서 같이 동승하여 목적지까지 빠르게 이동하였고 도착후에 기사님의 친절한 도착안내말씀으로 편안하게 하차 할 수 있었다 현재 검단은 신도시로 입주한 가구가 많지 않아 교통이 원활하게 활성화되어있지 않은데 IMOD를 통해 가까운거리를 편안하게 이동할수 있어서 너무 좋았다 많이 활성화되어 IMOD뿐만 아니라 ZET IMOA도 얼른 이용해보고싶다,이용해보았을 때 장거리를 마을버스보다는 이용시간이 빠르고 시간이 비슷한 택시보단 비용이 적게들어서 정말 고마운 서비스였다 운행을 하시는 기사님께 운행 차수를 여쭤보았는데 평일엔 4대 공휴일과 주말엔 2대가 운행한다고 말씀해주셨다 앞으로 많은 입주예정으로 수많은 사람들이 IMOD를 이용하게 될 생각을 하면 증차가 무엇보다 시급해보였다 현재 대중교통이 많이 활성화되어있지 않은 검단신도시에 증차가 된다면 많은 사람들의 필요에 의한 이용으로 홍보도 자연스럽게 될 것이라고 본다또한 코로나로 인해 만약에 확진자가 동승하였을 때를 감안해 차내에 환기를 시킬 수 있는 창문이 설치되었으면 한다 ,"추천  검단 신도시에 거주하는 모든 시민
이유  일반버스로는 다닐 수 있는 정류장이 한정되어있다 IMOD 이용 시 일반버스와는 다르게 발판이 내려와 짐을 가지고 버스를 탑승하려는 사람에게 매우 편리하며 집 앞에 가까운 정류장에서 승하차하기에 편리하고 안전하며 만족스러운 생활을 할 수 있을 것이다"
계양1동 다남식당 앞에서 계양산 솔밭 들레길을 가기위해 IMOD 앱을 이용해서 계양산 솔밭 길까지 가는 제일 가까운 정류장을 검색하여 호출하였다 처음 사용해보는 앱이지만 비교적 사용하기 편하게 잘 되어 있는거 같다,IMOD앱으로 정류장 검색하여 비교적 쉽게 호출했고 호출시간은 2분정도 소요 되었고 결제는 앱에 등록된 카드로 등록해서 차 탈때 카드꺼내고 결제하는 번거로움이 없었다 차가 새차라 그런지 차 내부환경은 청결하고 처음 이용하는거라 궁금한 것이 많아서 이것저것 질문을 많이 했는데도 기사님이 친절하게 잘 말씀해주셨다, IMOD 하자지점까지 가는 과정중에 도착 알림을 핸드폰으로 알려주니 미리 내릴 준비를 할 수도 있으니 편리함이 있는거 같았다 최종목적지까지는 갈 수 있는 교통수단이 없어 도보로 이동하여 둘레길을 다녀왔다 미니버스이니 들레길 입구까지 차가 들어가면 더 많은 사람들이 이용 할 수 있을꺼란 생각도 해보았다,"IMOD 탑승해보니 차가 깔끔하고 호출시간도 생각보다 빨리온거 같았지만 돌아오는 길에 두 번째 탑승은 호출시간이
9분이나 걸려서 어느정류장이냐에 따라서 다름이 있는거 같았다버스와 택시의 결합상품이라 그런지 차비가 좀비싼 듯한 느낌이들었다 결제방법은 한 번 등록해 놓으면 호출할때 선결제되니 편리성있었다 앱사용방법도 쉽게 잘 되어 있지만 지역특성상 어르신들이 많이 사시는 계양1동 교통 소외된 지역어르신들이 앱을 사용하시는데 어려움이 있을꺼 같다","추천  계양역까지 출근하시분들에게 추천
이유  호출시간이 짧으니 기다리는 시간이 단축 되는 장점 그러나 환승 되지않으니 비용문제 때문에 사용하기 힘들 다는 생각이 듦"
계양1동주민센터에 용무가 있어서 운동할겸해서  집박촌에서 출발하여 계양중학교까지 도보로 20분정도 이동하여 IMOD앱 지도검색으로 정류장검색하여 호출했다 대기시간은 5분이었다,계양중학교에서 5분 정도 대기하고 탑승했다기사님께서 친절하게 인사해주시고 앉고 난뒤에 천천히 출발해주셨다,탑승시간이 10분정도 소요되었다 호출할 때 하차정류장 방향을 어디로 하는지에따라 소요시간이 달라졌다 5분걸리는 거리가 10분이 걸렸다,IMOD버스에 혼자타고 오니 택시를 탄듯한 생각이 들었다 깔끔한 차를 타고 오니 기분좋게 주민센타에서 용무를 잘 봤다,IMOD버스를 3주에 걸쳐  사용해보니 처음 사용하기전에 앱깔고 결제수단 설정해 놓으면 호출과 결제가 한번에 해결되니 편리함이 있고 차가 깔끔해서 좋았다일반버스처럼 많은 사람들이 함께 타지 않는점도 좋았다 개선할점은 탑승지역의 범위가 조금 더 넓게 설정되었으면하는 생각과 환승이 안되는것에 아쉬움이 많았다
3월 11일 오후 4시경 금요일 아들과 함께 체험삼아 탑승해버려 여러 파례 오류 발생으로 인해 연기했다 12일 계양산 산행이 있어 일행과 함께 탐승해보려다가 똑같은 오류로 인해 승용차로 이동했다 15일 오후 4시경 회원님과 함께 체험하기로 했음 ,하루 일과를 마친 후 회원님과 계양역에서 IMOD를 탑승하기로 했다 회원님과 함께 동시에 호출했는데 배정되었다는 안내를 받았지만 예정시간 대로 오지 않아 다 취소를 하고 다시 호출을 했지만 두 번째도 마찬가지였다,여러차례 시도 끝에 간신히 탑승하려는데 두 사람이 배정된 차가 1호차 2호차가 따로 되어있었다 같이 탈 수 가 없어서 각자 가기로 하고 나만 탑승했다 ,처음 혼자 타보았지만 내부시설과 차량청결 정돈은 매우 양호했으며 계양역에서 목삼동 솔밭가는 일반 차량이 더 빠를 수도 있다는 생각이 들었음 요금 측면에서도 일반 버스보다는 조금 비싸긴 하지만 괜찮음 ,여러 다방면에서 보면은 어르신들께서는 이용이 어려울 듯 합니다 어르신들은 카드 등록은 물론 휴대폰 요금 결제도 어려울 것 같습니다 제가 탑승하기는 좋음 예정된 시간과 정확한 배차만 된다면 이용할 것 같음 
일을 대충 마치고 서울역으로 향했다 공항철도를 30분 타고 계양역에 도착했다,IMOD 앱을 이용하여 호출하려는데 바로 앞으로 IMOD 버스가 오고있었다 호출을 못한 상태이기에 탈 수가 없었다 그리고 바로 호출을 했는데 7분 후 도착이라고 했다 이번에는 시간과 장소에 정확하게 맞춰서 왔다 탑승을 했는데 기사님 뿐이었고 아무도 없었다 내부시설 청소 청결 정돈은 매우 좋았다 ,귤현역 방향에서 탔는데 아라뱃길 방향으로 돌아 가는 길이었는데 창 밖으로 봄꽃들이 피기 시작하여 경치도 아름다워 상쾌한 기분이 들었음 혼자 탑승하는 것도 매우 좋았음,복상동 솔밭 이주단지 입구에서 일단 내렸다 버스 승강장에 버스를 기다리는 아주머니 한 분이 계셨다 혹시 버스 기다리시냐 물었더니 그렇다 하셨다 IMOD를 얘기했는데 전혀 모르고 계셨다 IMOD에 대해 말씀드리고 앱과 카드를 등록하는 방법도 알려드렸다 583버스를 타시면서 너무 고맙다고 인사를 하고 가셨다 ,계양역이나 목상동 솔밭 이주단지 입구 두 군데 모두 현수막은 걸려 있지만 버스승강장 유리벽이나 버스 노선도 붙이는 곳에 IMOD 버스에 대한 광고나 앱 사용법 카드 등록방법 등을 전단지나 광고 등을 붙여 놓았으면 하는 생각이 듦
운동을 마치고 아라마루로 바람을 쐬러 가기위해 아이모드 탑승가능한 곳까지 버스를 타고 이동하였다,"아이모드 어플을 통하여 계양역아라마루까지 호출을 하였고 차가 도착하기 까지는 4분정도 걸렸다
생각보다 빨리 아이모드가 와서 너무 좋았지만 환승이 되지않는 점은 아쉬웠다
내가 노선을 정하고 예약을 했을때 어떤경로로 차가 가게 될지 이동경로가 나오면 좋을듯 하다 어플상에서 정류장이 다 표기 되기때문에 정신없음
차에 탑승했을때 차의 청결도나 친절함은 너무 좋았다","탑승할 때 나 이외에 다른사람도 탑승을 했는데 그 경유지를 거쳐가니 돌아간다는 느낌을 받았다
일행이 3명 이상이면 굳이 아이모드 탑승하지 않고 택시를 타게 될듯하다 하자지점에 거의 다 도착했는데도 어플상에 13분 후 도작이라고 떠있는 점은 수정되어야 할 듯 하다","우선 차없이 가기 힘든곳을 갈수 있다는점이 너무 좋았으나 환승이 안되는 점과 탑승객이 많을때는 돌아간다는 느낌 을 받을수 있으므로 여러명이서 같이 이용할때는 굳이 아이모드를 이용하지는 않을것 같다는 생각이 들었다
아이모드 정류장에 대한 표식이 부족한것 같다 아이모드 정류장 이라는 표식이 되어있으면 더 좋을 것 같다
심지어 아라마루 하차지점은 여기는 현재 정류장으로 사용하지 않고 쉼터로만 사용한다고 붙어있음","추천  다남동 주민들
이유  일반 노선으로 다니지 않는 동네 안쪽까지 버스를 이용 할 수 있다"
운동 후 다남동에 새로생긴 카페를 가기위해 아이모드 탑승가능한 계양역까지 이동 후 아이모드 탑승 이동할 때 네이버지도를 많이 이용하는 편인데 이동수단 확인용 아이모드는 조회되지 않음,처음엔 아이모드를 오래타보고 싶어서 검단삼정프라자로  호출을 했는데 같은 지역간 호출만 가능하다고 팝업이 떴다 그래서 어디에 갈까 고민해봤는데 지난번 방문했던 아라마루나 다남동안쪽 선주지동 제외하고는 일반 버스가 다 다니는 경로여서  다남동안쪽에 카페로 목적지를 바꿨다 계양1동에서 검단으로 방문을 할수 없다면 내가 계양1동에서 출발지점을 설정했을때 갈 수 있는 정류장만 뜨는게 헷갈리지 않고 좋을듯 하다,"어플상에 하차지점이 소촌마을대촌마을 방면이라고 되어있었는데 실질적으로 하차한 곳은 대촌마을을 등진 대촌마을 반대방면이였다 이동네에 정류장 표지판이 하나만 있어서 그런것 같다 내가 이 지점에 하차할때는 문제가 안되지만 탑승할때 혹시 반대편에서 올수도 있지 않을까 라는 의문이 들었다 버스 정류장 표지판을 확인했을때 이곳도 역시나 아이모드 정류장이라는 표식이 없었다 어플을 통해 예약을 하기때문에  어플로 정류장 위치를 확인하긴 하지만
표식이 없으면 이곳이 맞나 하는 의문이 들수도 있을 것 같다",아이모드를 이용 했기 때문에 일반버스 탑승했을때보다 적게 걸어서 목적지에 도착할 수 있었다,아이모드 어플에도 검색기능이 있으면 좋겠다 차없이 가기 힘든곳을 편리하게 갈수 있다는 점이 너무 좋았으나 그런곳이 한정적이다 아이모드의 노선이 기존노선과 크게 다르지 않아서 일반적인 노선 이용시 사람이 많은 시간이 아니면 아이모드 이용이 망설여 질 것 같다 기존 버스들이 가는곳 말고 다양한 노선이 필요할 듯 하다
"친구를 만나기 위해 연세대학교 국제캠퍼스로 향했다 저녁을 근처에서 먹고 송도 센트럴파크로
야경을 보러 가기로 했다 날씨는 쌀쌀한데 버스 도착예정시간이 너무 많이 남아있었고 친구도 IMOD를
이용한 적이 있어 IMOD를 이용하기로 했다",연세대학교 국제캠퍼스에서 제일 가까이 있는 박문여자고등학교 정류소에서 호출을 시도하였다 송도 외곽이라 그런지 10분동안 배차가 진행되지 않았지만 기다린 끝에 배차가 되었고 추가로 10분을 기다린 후에야 탑승할 수 있었다 배차가 진행되지 않아 오래 걸렸지만 추운 날에 편안하게 올 수 있었다,중간에 탑승자가 없어서 무정차로 목적지까지 도착할 수 있었다 배차만 원활하게 진행된다면 너무 좋은 서비스이다 하지만 배차가 잘 진행되지 않는다면 기존의 버스를 이용하는 것과 비슷한 시간이 걸린다면 비싼 이용료를 주고 IMOD를 탈지 고민해봐야 할 거 같다,전기자전거를 이용하여 송도 센트럴파크를 구경하고 카페를 갔다 다시 지하철역으로 갈 때 IMOD를 이용하려 했지만 배차가 오랫동안 잡히지 않아 결국 버스를 이용하였다,오늘 IMOD를 실제로 이용하는 사람을 처음 만났다 친구도 만족하면서 사용 중이었다 현재는 이용자가 많지 않아 배차만 빠르게 진행된다면 빠르고 편리하게 이용할 수 있었다 5분 이내에 배차가 값싼 택시와 같이 느껴졌다 하지만 이제 이용자가 많아진다면 배차도 잘 잡히지 않고 중간에 탑승객이 생기면 도착 예정시간이 정확하지 않아 혼란스러울 때도 있다 영종도처럼 아예 대중교통이 발달되어있지 않은 곳은 IMOD가 엄청 편리한 서비스이지만 송도 혹은 검단처럼 대중교통 인프라가 어느 정도 구축되어 있는 곳이라 하면 IMOD의 핵심 목표는 배차시간 단축일 것이다 배차시간이 길어진다면 IMOD가 가지고 있는 장점이 다 사라지기 때문이다 실제로 IMOD를 기다리다 같은 노선의 버스가 먼저 도착한 경우도 있었다 짧은 거리를 이동하기에는 앱을 켜고 목적지를 찍고 호출하는 번거로움이 있다 그 마저도 배차가 빠르게 진행되지 않는다면 그냥 정류장에 가서 버스를 기다리는 것이편리할 것이다
"저녁에 가족들과 함께 이마트에 장 보러 다녀오는 길에 아이모드를 이용해 보았다
앱으로 호출하고자 하였으나 호출 실패가 계속 떠서 다시 눌러야했다 이 부분은 좀 답답하였으나 배정 되면 어플에 결제수단을 한 번만 등록하면 간단하게 사용 가능했다 호출이 되었는데 14분 후에 도착한다고 하여서 버스에 비해 조금 오래 걸린다고 생각하였다","탑승지점은 역이고 버스정류장에서만 승하차가 가능한 것 같았다 아이모드는 예정대로 도착했고 앱에 아이모드가 오는 길이 보여서 좋았다 아이들과 함께 타기 때문에 발판 내려오는  것이 편리하게 느껴졌다 한 명씩 안아 올릴 필요가 없이 아이들이 탑승할 수 있어 짐을 들고 있을 때 좋을 것 같았다 하지만 유모차 휠체어는 탑승하기 매우 어려울 것 같았다
코로나 시대에 다른 사람과 합승한다는 것이 좀 걸렸으나 차량 내부에 손소독기랑 체온 제는 것이 있어 코로나로부터 보호받는 것 같았다 앱의 큐알코드를 찍고 승차하는데 이 부분은 노인분들은 어려울 수도 있을 것 같다고 생각했다 기사님들은 모두 친절했다 ",타고 가는 중에는 문제 없었다 다른 사람들도 타지는 않았다 내릴 때 아이들이 내릴 때까지 기사님 친절하게 기다려주셔서 좋았다  아이들이 아이모드 체험을 너무 좋아했다 아이들과 타기에도 편리하고 비교적 안전하다고 느껴져서 아이모드가 가는 곳이라면 택시 버스보단 아이모드를 이용하고 싶다 아이들이 조금 더 크면 아이들끼리도 타고 다닐 수 있으면 좋겠다 아이들이 결제할 수 있는 방법이 있으면 좋겠다,"단지 바로 앞에 내릴 수 있어서 편리했지만  운행기간이 너무 제한적이라고 생각되었다 서비스가 더 늦게까지 했으면 좋겠다 아마 늦은 시간에 서비스 호출하려고 해서 더 안 잡혔던 것 같다 
버스보단 비싸지만 택시보단 저렴해서 택시를 탈 거 대신이라고 생각하면 좋은 서비스인 것 같다 또 인천 1호선까지도 연결되었으면 좋겠다 운영 구간이 너무 짧다 아니면 환승이 되어서 연달아서 타는 데 어려움이 없었으면 좋을 것 같다","추천  아이들과 동승하는 사람들 
이유  대중교통에 비해 아이들이 타고 내리기도 편리하고 안전하다 발판이 내려와서 아이들이 스스로 내려올 수 있어서 좋다 아이들이 조금 더 크면 학교나 학원 다닐 때 편리할 거 같고 특히 학교 학원이 늦게 끝날 때 비교적 안전하게 탑승할 수 있을 것 같아서 추천하고 싶다"
주변정류장 찾기가 어려움,기사님이 친절하며 내부가 쾌적하였음,기사님이 친절하며 내부가 쾌적하였음,"
기사님이 친절하며 내부가 쾌적하였음 환승이 적용이 안돼 아쉬움이 매우큼","추천  추천함
이유  쾌적하 환경 및 어플로 목적지를 입력하기에 편히 이동할수 있음"
원래는 농협 앞 버스정류장에서 버스 배자를 시작하려 하였으나 날씨도 좋고 운동도 할 겸 주민자치센터까지 걸어가 타기로 하였다,버스가 배자 시간에 잘 맞추어 도착하였다,기사님께서 한번에 계양역으로 가는 것이 아니고 버스 형식이라 돌아가면 시간이 오래걸린다고 하여 전 정류장인 다남식당에서 내렸다,다남식당에서 내려 역까지 걸어갔다,"추천  계양중학교 학생들
이유  등굣길마다 계양역에 내리는 직장인들이 많아 다음정류장인 계양중학교를 내려야 하는 학생들은 불편한 점이 많았다 아침시간에 imod 버스를 이용한다면 편하고 쉽게 학교를 등교할 수 있을 것 같다"
아이모드를 체험하기 위해 집을 나섰다,"아이모드 배차예약을 하고 기다리고 있었는데 제 시간에 맞추어 도착했다
처음에는 배차하는 방법이 어려웠는데 한 두번 해보니까 익숙해졌다",저번에는 이렇게 똑같이 하차지점을 했을 때  계양역을 가려면 오래걸려서 걸어가야된다고 하셨었는데  이번에는 안 돌고 바로 계양역에 내려주셨다 5분도 안 걸려서 계양역에 도착했다, imod를 이용하여 편하게 도착했다,"버스를 탈 때 마다 모르시는 분이 같이 타려고 할 때가 많았다 홍보가 더 많이 이루어졌으면 좋겠다
그리고 계양역쪽에는 그래도 홍보 플래카드나 버스정류장에 홍보지가 있는데 장기동 쪽에는 홍보하는 게 하나도 없어서 모르는 사람이 많을 것 같다
이쪽에도 홍보가 더 이루어진다면 좋을 것 같다"
